Workbook

Sheet Panduan
A1: Template Follow-Up Pasien Berbasis SOAP
A2: Database awal untuk Excel/Google Sheet; bisa dikembangkan ke Google Form atau AppSheet.
A4: Langkah | B4: Instruksi
A5: 1 | B5: Isi sheet Data Pasien. Patient ID harus unik, misalnya P001, P002.
A6: 2 | B6: Setiap follow-up, isi sheet Follow-Up SOAP dan masukkan Patient ID yang sesuai.
A7: 3 | B7: Nama pasien dan No RM di Follow-Up SOAP otomatis mengambil data dari Data Pasien.
A8: 4 | B8: Follow-Up Terakhir dan Status FU Hari Ini di Data Pasien otomatis membaca riwayat Follow-Up SOAP.
A9: 5 | B9: Dashboard menampilkan ringkasan pasien aktif serta pasien yang sudah/belum follow-up hari ini.
A10: 6 | B10: Sheet Dropdown berisi pilihan standar untuk data validation/AppSheet.
A11: 7 | B11: Untuk aplikasi HP tanpa coding: upload file ini ke Google Drive, buka AppSheet, lalu pilih tabel Data Pasien dan Follow-Up SOAP.
A12: Catatan privasi | B12: File ini berisi data pasien. Simpan aman, batasi akses, jangan bagikan link publik. Gunakan inisial/kode pasien bila diperlukan sesuai kebijakan RS.

Sheet Dashboard
A1: Dashboard Follow-Up Pasien
A2: Ringkasan otomatis berbasis sheet Data Pasien dan Follow-Up SOAP.
A4: Total Pasien | B4: Pasien Aktif | C4: Sudah FU Hari Ini | D4: Belum FU Hari Ini | E4: Pasien Memburuk | F4: Rawat Inap
A5: =COUNTA('Data Pasien'!B2:B200) -> 2 | B5: =COUNTIF('Data Pasien'!N2:N200,"Aktif")+COUNTIF('Data Pasien'!N2:N200,"Observasi")+COUNTIF('Data Pasien'!N2:N200,"Stabil")+COUNTIF('Data Pasien'!N2:N200,"Memburuk")+COUNTIF('Data Pasien'!N2:N200,"Rencana pulang") -> 2 | C5: =COUNTIF('Data Pasien'!P2:P200,"Sudah FU hari ini") -> 2 | D5: =COUNTIF('Data Pasien'!P2:P200,"Belum FU hari ini") -> 0 | E5: =COUNTIF('Data Pasien'!N2:N200,"Memburuk") -> 0 | F5: =COUNTIF('Data Pasien'!#REF!,"Rawat inap") -> #REF!
A8: Cara pakai cepat | B8: Keterangan
A9: Input pasien baru | B9: Tambahkan baris di sheet Data Pasien.
A10: Input follow-up | B10: Tambahkan baris di sheet Follow-Up SOAP sesuai Patient ID.
A11: Prioritas harian | B11: Filter kolom Status FU Hari Ini di Data Pasien = Belum FU hari ini.
A12: Cari pasien | B12: Gunakan filter/search di kolom Nama Pasien, No RM, Diagnosis, atau Status.
A13: Versi HP | B13: Upload ke Google Drive lalu buka melalui Google Sheets app atau AppSheet.

Sheet Data Pasien
A1: Patient ID | B1: Nama Pasien | C1: No RM | D1: Tanggal Lahir | E1: Usia | F1: Jenis Kelamin | G1: Tanggal Masuk | H1: Ruangan/Poli | I1: DPJP | J1: Diagnosis Utama | K1: Diagnosis Tambahan/Komorbid | L1: Alergi Obat | M1: Catatan Penting | N1: Status Pasien | O1: Tanggal Follow-Up Terakhir | P1: Status FU Hari Ini | Q1: Catatan/Link
A2: P001 | B2: Tn. Contoh A | C2: 123456 | D2: 29342 | E2: =IF(D2="","",INT((TODAY()-D2)/365.25)) -> 45 | F2: L | G2: 46143 | H2: ICCU | I2: dr. Ardi | J2: ACS NSTEMI | K2: Hipertensi, DM | L2: Tidak ada | M2: Pantau nyeri dada dan serial EKG | N2: Aktif | O2: =IFERROR(_xlfn.MAXIFS('Follow-Up SOAP'!D:D,'Follow-Up SOAP'!A:A,A2),"") -> 46143 | P2: =IF(A2="","",IF(COUNTIFS('Follow-Up SOAP'!A:A,A2,'Follow-Up SOAP'!D:D,TODAY())>0,"Sudah FU hari ini","Belum FU hari ini")) -> Sudah FU hari ini
A3: P002 | B3: Ny. Contoh B | C3: 654321 | D3: 27679 | E3: =IF(D3="","",INT((TODAY()-D3)/365.25)) -> 50 | F3: P | G3: 46143 | H3: Poli Jantung | I3: dr. Ardi | J3: Heart failure | K3: CKD | L3: Alergi penicillin | M3: Evaluasi overload cairan | N3: Stabil | O3: =IFERROR(_xlfn.MAXIFS('Follow-Up SOAP'!D:D,'Follow-Up SOAP'!A:A,A3),"") -> 46143 | P3: =IF(A3="","",IF(COUNTIFS('Follow-Up SOAP'!A:A,A3,'Follow-Up SOAP'!D:D,TODAY())>0,"Sudah FU hari ini","Belum FU hari ini")) -> Sudah FU hari ini
E4: =IF(D4="","",INT((TODAY()-D4)/365.25)) | O4: =IFERROR(_xlfn.MAXIFS('Follow-Up SOAP'!D:D,'Follow-Up SOAP'!A:A,A4),"") -> 0 | P4: =IF(A4="","",IF(COUNTIFS('Follow-Up SOAP'!A:A,A4,'Follow-Up SOAP'!D:D,TODAY())>0,"Sudah FU hari ini","Belum FU hari ini"))
E5: =IF(D5="","",INT((TODAY()-D5)/365.25)) | O5: =IFERROR(_xlfn.MAXIFS('Follow-Up SOAP'!D:D,'Follow-Up SOAP'!A:A,A5),"") -> 0 | P5: =IF(A5="","",IF(COUNTIFS('Follow-Up SOAP'!A:A,A5,'Follow-Up SOAP'!D:D,TODAY())>0,"Sudah FU hari ini","Belum FU hari ini"))
E6: =IF(D6="","",INT((TODAY()-D6)/365.25)) | O6: =IFERROR(_xlfn.MAXIFS('Follow-Up SOAP'!D:D,'Follow-Up SOAP'!A:A,A6),"") -> 0 | P6: =IF(A6="","",IF(COUNTIFS('Follow-Up SOAP'!A:A,A6,'Follow-Up SOAP'!D:D,TODAY())>0,"Sudah FU hari ini","Belum FU hari ini"))
E7: =IF(D7="","",INT((TODAY()-D7)/365.25)) | O7: =IFERROR(_xlfn.MAXIFS('Follow-Up SOAP'!D:D,'Follow-Up SOAP'!A:A,A7),"") -> 0 | P7: =IF(A7="","",IF(COUNTIFS('Follow-Up SOAP'!A:A,A7,'Follow-Up SOAP'!D:D,TODAY())>0,"Sudah FU hari ini","Belum FU hari ini"))
E8: =IF(D8="","",INT((TODAY()-D8)/365.25)) | O8: =IFERROR(_xlfn.MAXIFS('Follow-Up SOAP'!D:D,'Follow-Up SOAP'!A:A,A8),"") -> 0 | P8: =IF(A8="","",IF(COUNTIFS('Follow-Up SOAP'!A:A,A8,'Follow-Up SOAP'!D:D,TODAY())>0,"Sudah FU hari ini","Belum FU hari ini"))
E9: =IF(D9="","",INT((TODAY()-D9)/365.25)) | O9: =IFERROR(_xlfn.MAXIFS('Follow-Up SOAP'!D:D,'Follow-Up SOAP'!A:A,A9),"") -> 0 | P9: =IF(A9="","",IF(COUNTIFS('Follow-Up SOAP'!A:A,A9,'Follow-Up SOAP'!D:D,TODAY())>0,"Sudah FU hari ini","Belum FU hari ini"))
E10: =IF(D10="","",INT((TODAY()-D10)/365.25)) | O10: =IFERROR(_xlfn.MAXIFS('Follow-Up SOAP'!D:D,'Follow-Up SOAP'!A:A,A10),"") -> 0 | P10: =IF(A10="","",IF(COUNTIFS('Follow-Up SOAP'!A:A,A10,'Follow-Up SOAP'!D:D,TODAY())>0,"Sudah FU hari ini","Belum FU hari ini"))
E11: =IF(D11="","",INT((TODAY()-D11)/365.25)) | O11: =IFERROR(_xlfn.MAXIFS('Follow-Up SOAP'!D:D,'Follow-Up SOAP'!A:A,A11),"") -> 0 | P11: =IF(A11="","",IF(COUNTIFS('Follow-Up SOAP'!A:A,A11,'Follow-Up SOAP'!D:D,TODAY())>0,"Sudah FU hari ini","Belum FU hari ini"))
E12: =IF(D12="","",INT((TODAY()-D12)/365.25)) | O12: =IFERROR(_xlfn.MAXIFS('Follow-Up SOAP'!D:D,'Follow-Up SOAP'!A:A,A12),"") -> 0 | P12: =IF(A12="","",IF(COUNTIFS('Follow-Up SOAP'!A:A,A12,'Follow-Up SOAP'!D:D,TODAY())>0,"Sudah FU hari ini","Belum FU hari ini"))
E13: =IF(D13="","",INT((TODAY()-D13)/365.25)) | O13: =IFERROR(_xlfn.MAXIFS('Follow-Up SOAP'!D:D,'Follow-Up SOAP'!A:A,A13),"") -> 0 | P13: =IF(A13="","",IF(COUNTIFS('Follow-Up SOAP'!A:A,A13,'Follow-Up SOAP'!D:D,TODAY())>0,"Sudah FU hari ini","Belum FU hari ini"))
E14: =IF(D14="","",INT((TODAY()-D14)/365.25)) | O14: =IFERROR(_xlfn.MAXIFS('Follow-Up SOAP'!D:D,'Follow-Up SOAP'!A:A,A14),"") -> 0 | P14: =IF(A14="","",IF(COUNTIFS('Follow-Up SOAP'!A:A,A14,'Follow-Up SOAP'!D:D,TODAY())>0,"Sudah FU hari ini","Belum FU hari ini"))
E15: =IF(D15="","",INT((TODAY()-D15)/365.25)) | O15: =IFERROR(_xlfn.MAXIFS('Follow-Up SOAP'!D:D,'Follow-Up SOAP'!A:A,A15),"") -> 0 | P15: =IF(A15="","",IF(COUNTIFS('Follow-Up SOAP'!A:A,A15,'Follow-Up SOAP'!D:D,TODAY())>0,"Sudah FU hari ini","Belum FU hari ini"))
... E200: =IF(D200="","",INT((TODAY()-D200)/365.25)) | O200: =IFERROR(_xlfn.MAXIFS('Follow-Up SOAP'!D:D,'Follow-Up SOAP'!A:A,A200),"") -> 0 | P200: =IF(A200="","",IF(COUNTIFS('Follow-Up SOAP'!A:A,A200,'Follow-Up SOAP'!D:D,TODAY())>0,"Sudah FU hari ini","Belum FU hari ini"))

Sheet Follow-Up SOAP
A1: Patient ID | B1: Nama Pasien | C1: No RM | D1: Tanggal Follow-Up | E1: Jam Follow-Up | F1: Ruangan | G1: Status Klinis | H1: Dokter Pemeriksa | I1: Keluhan Checklist | J1: S - Subjective | K1: O - Objective | L1: TD | M1: Nadi | N1: RR | O1: Suhu | P1: SpO2 | Q1: BB | R1: Pemeriksaan Fisik | S1: Pemeriksaan Penunjang | T1: A - Assessment | U1: P - Planning | V1: Catatan Tambahan
A2: P001 | B2: =IFERROR(VLOOKUP(A2,'Data Pasien'!$A:$C,2,FALSE),"") -> Tn. Contoh A | C2: =IFERROR(VLOOKUP(A2,'Data Pasien'!$A:$C,3,FALSE),"") -> 123456 | D2: 46143 | E2: 08:00 | F2: Bangsal A | G2: Stabil | H2: dr. Ardi | I2: Nyeri dada tidak ada; sesak tidak ada | J2: Keluhan membaik, tidak ada nyeri dada berulang. | K2: *Isinya terdiri dari kolom disamping ini (TD s/d Pemeriksaan Penunjang) | L2: 120/80 | M2: 82 | N2: 20 | O2: 36.8 | P2: 98% | Q2: 70 kg | R2: KU baik, akral hangat, CRT <2 detik, ronki tidak ada | S2: EKG sinus rhythm; lab serial membaik | T2: ACS NSTEMI pasca terapi awal | U2: Lanjutkan terapi sesuai instruksi DPJP | V2: Tidak
A3: P002 | B3: =IFERROR(VLOOKUP(A3,'Data Pasien'!$A:$C,2,FALSE),"") -> Ny. Contoh B | C3: =IFERROR(VLOOKUP(A3,'Data Pasien'!$A:$C,3,FALSE),"") -> 654321 | D3: 46143 | E3: 09:30 | F3: Bangsal B | G3: Stabil | H3: dr. Ardi | I3: Sesak berkurang | J3: Pasien merasa lebih nyaman, BAK cukup. | L3: 110/70 | M3: 78 | N3: 20 | O3: 36.5 | P3: 97% | Q3: 62 kg | R3: JVP tidak meningkat, ronki minimal, edema pretibial +/− | S3: Lab elektrolit direncanakan | T3: Heart failure stabil | U3: Lanjut obat rutin, evaluasi toleransi | V3: Tidak
B4: =IFERROR(VLOOKUP(A4,'Data Pasien'!$A:$C,2,FALSE),"") | C4: =IFERROR(VLOOKUP(A4,'Data Pasien'!$A:$C,3,FALSE),"")
B5: =IFERROR(VLOOKUP(A5,'Data Pasien'!$A:$C,2,FALSE),"") | C5: =IFERROR(VLOOKUP(A5,'Data Pasien'!$A:$C,3,FALSE),"")
B6: =IFERROR(VLOOKUP(A6,'Data Pasien'!$A:$C,2,FALSE),"") | C6: =IFERROR(VLOOKUP(A6,'Data Pasien'!$A:$C,3,FALSE),"")
B7: =IFERROR(VLOOKUP(A7,'Data Pasien'!$A:$C,2,FALSE),"") | C7: =IFERROR(VLOOKUP(A7,'Data Pasien'!$A:$C,3,FALSE),"")
B8: =IFERROR(VLOOKUP(A8,'Data Pasien'!$A:$C,2,FALSE),"") | C8: =IFERROR(VLOOKUP(A8,'Data Pasien'!$A:$C,3,FALSE),"")
B9: =IFERROR(VLOOKUP(A9,'Data Pasien'!$A:$C,2,FALSE),"") | C9: =IFERROR(VLOOKUP(A9,'Data Pasien'!$A:$C,3,FALSE),"")
B10: =IFERROR(VLOOKUP(A10,'Data Pasien'!$A:$C,2,FALSE),"") | C10: =IFERROR(VLOOKUP(A10,'Data Pasien'!$A:$C,3,FALSE),"")
B11: =IFERROR(VLOOKUP(A11,'Data Pasien'!$A:$C,2,FALSE),"") | C11: =IFERROR(VLOOKUP(A11,'Data Pasien'!$A:$C,3,FALSE),"")
B12: =IFERROR(VLOOKUP(A12,'Data Pasien'!$A:$C,2,FALSE),"") | C12: =IFERROR(VLOOKUP(A12,'Data Pasien'!$A:$C,3,FALSE),"")
B13: =IFERROR(VLOOKUP(A13,'Data Pasien'!$A:$C,2,FALSE),"") | C13: =IFERROR(VLOOKUP(A13,'Data Pasien'!$A:$C,3,FALSE),"")
B14: =IFERROR(VLOOKUP(A14,'Data Pasien'!$A:$C,2,FALSE),"") | C14: =IFERROR(VLOOKUP(A14,'Data Pasien'!$A:$C,3,FALSE),"")
B15: =IFERROR(VLOOKUP(A15,'Data Pasien'!$A:$C,2,FALSE),"") | C15: =IFERROR(VLOOKUP(A15,'Data Pasien'!$A:$C,3,FALSE),"")
... B200: =IFERROR(VLOOKUP(A200,'Data Pasien'!$A:$C,2,FALSE),"") | C200: =IFERROR(VLOOKUP(A200,'Data Pasien'!$A:$C,3,FALSE),"")

Sheet Template SOAP
A1: Template SOAP Cepat
A2: Copy isi template ini ke Follow-Up SOAP, lalu edit sesuai kondisi pasien.
A4: Nama Template | B4: S - Subjective | C4: O - Objective | D4: A - Assessment | E4: P - Plan | F4: Catatan Penggunaan
A5: Pasien stabil | B5: Tidak ada keluhan bermakna. Tidak ada nyeri dada, sesak, atau berdebar. | C5: Keadaan umum baik, hemodinamik stabil. Pemeriksaan fisik tidak menunjukkan perburukan klinis. | D5: Kondisi klinis stabil. | E5: Lanjutkan terapi saat ini. Monitoring keluhan dan tanda vital. Follow-up sesuai jadwal. | F5: Untuk follow-up rutin pasien stabil.
A6: Pasien membaik | B6: Keluhan utama berkurang dibanding hari sebelumnya. | C6: Tanda vital stabil. Pemeriksaan fisik menunjukkan perbaikan klinis. | D6: Kondisi klinis membaik. | E6: Lanjutkan terapi. Evaluasi rencana deeskalasi/step-down bila memenuhi kriteria. | F6: Untuk pasien rawat inap yang membaik.
A7: Pasien sesak | B7: Pasien mengeluh sesak napas. Nilai onset, pencetus, ortopnea/PND, batuk, dan produksi sputum. | C7: Catat TD, HR, RR, SpO2, JVP, ronki/wheezing, edema, akral, diuresis, dan pemeriksaan penunjang terkait. | D7: Sesak napas, evaluasi kemungkinan kongesti/iskemia/aritmia/infeksi sesuai konteks. | E7: Optimasi oksigenasi, monitoring ketat, evaluasi EKG/lab/foto toraks/echo sesuai indikasi. | F7: Untuk keluhan sesak. Edit sesuai etiologi.
A8: Pasien nyeri dada | B8: Pasien mengeluh nyeri dada. Nilai karakteristik OPQRST, durasi, penjalaran, faktor pencetus/pereda, dan gejala penyerta. | C8: Catat tanda vital, EKG serial, biomarker jantung, dan pemeriksaan fisik kardiopulmoner. | D8: Nyeri dada, pertimbangkan ACS sampai terbukti bukan. | E8: Tatalaksana sesuai risiko klinis, serial EKG/troponin, terapi antiiskemia/antitrombotik sesuai indikasi. | F8: Untuk keluhan nyeri dada.
A9: Pasien post tindakan | B9: Keluhan pasca tindakan dinilai, termasuk nyeri, perdarahan, sesak, pusing, atau palpitasi. | C9: Evaluasi tanda vital, lokasi akses/prosedur, perdarahan/hematoma, perfusi distal, dan pemeriksaan penunjang bila perlu. | D9: Status post tindakan, evaluasi komplikasi dini. | E9: Monitoring tanda vital dan akses, lanjutkan terapi pasca tindakan, edukasi tanda bahaya. | F9: Untuk follow-up pasca PCI/ablasi/prosedur lain.
A10: Pasien kontrol poli | B10: Keluhan saat kontrol, kepatuhan obat, efek samping obat, dan aktivitas harian dievaluasi. | C10: Catat tanda vital, BB, pemeriksaan fisik relevan, serta hasil lab/EKG/echo bila ada. | D10: Kondisi klinis saat kontrol. | E10: Optimasi terapi, edukasi, rencana pemeriksaan, dan jadwal kontrol berikutnya. | F10: Untuk pasien rawat jalan.

Sheet Dropdown
A1: Daftar Dropdown / Pilihan Standar
A4: Jenis Kelamin | B4: Lokasi | C4: Status Pasien | D4: Status Klinis | E4: Perkembangan | F4: Draft | G4: Disposisi | H4: Keluhan Checklist
A5: L | B5: Rawat inap | C5: Aktif | D5: Stabil | E5: Membaik | F5: Ya | G5: Lanjut rawat | H5: Tidak ada keluhan
A6: P | B6: Poli | C6: Observasi | D6: Membaik | E6: Stabil | F6: Tidak | G6: Observasi | H6: Nyeri dada
B7: IGD | C7: Stabil | D7: Memburuk | E7: Memburuk | G7: Persiapan pulang | H7: Sesak napas
B8: Telemedicine | C8: Memburuk | D8: Perlu observasi | G8: Kontrol poli | H8: Berdebar
B9: Lainnya | C9: Rencana pulang | D9: Rencana pulang | G9: Rujuk | H9: Pusing
C10: Selesai follow-up | D10: Rujuk | G10: Masuk ICU/ICCU | H10: Sinkop
C11: Rujuk | D11: Masuk ICU/ICCU | G11: Follow-up berikutnya | H11: Demam
H12: Mual/muntah
H13: Batuk
H14: Lemah
H15: Bengkak kaki
H16: Nafsu makan menurun
H17: Sulit tidur
H18: BAK berkurang
H19: BAB terganggu
